200618,767996a70ddf6a362d7cd1566d77c7d1.webp
200608,605dce7fff345261ecbcb59c1a20c9eb.webp
200598,e8a88afb090bd2b50c682ddcaadc8105.webp
200588,765c11db74a56754fb7cc6d4abf5d316.webp
200578,2d90cfedf0906723de775db7c7e13fdf.webp
200567,cbfe9c1b56f6e19100152a7571270527.webp
200555,c3d9450329091fdacd91b7d52e991790.webp
200545,0d9127c10cb2788f308ff5403aa85fba.webp
200531,3844b17bbdfb3db23da1a4ff63ab2a9f.webp
200521,4d4a335ac4b6477cd95b1e6e2b3a8dc8.webp
200511,16d903fa00bdb4545329080558b621d5.webp
200501,f75fd5c239e8a3ff22fab4d20d76ef15.webp
200491,a254dfcdffb14da35157e19aff4f08aa.webp
200481,21113077786f3491a8d38f32a11f9af6.webp
200470,138dffcbbf675ada0e9d30bc49ba8c39.webp
200460,a1cbf3a084837b9d10c50d027e98f274.webp
200450,c167e6ca08b364e7df648f1dc4fee10e.webp
200440,f92947fb077df1d7d8574c3f692bface.webp
200428,0684c62e1264b7b454e42313afdb3812.webp
200418,d49ccaa1aaeb2eece4a037cdb2e97649.webp






















































































































































































































































































































































































































































































































































































































































































































































































































































































































































































































































































































































































































































































































































































































































































































































































































































































































































































































































































































































































































































































































































































































































































































































































































































































































































































































































































































































































































































































































































































































































































































































































































































































































































































































































































































































































































































































































































































































































































































































































































































































































































































































































































































































































































































































































































































































































































































































































































































































































































































































































































































































































































































































































































































































































































































































































































































































































































































































































































































































































































































































































































































































































































































































































































































































































































































































































































































































































































































































































































































































































































































































































































































































































































































































































































































































































































































































































































































































































































































































































































































































































































































































































































































































































































































































































































































































































































































































































































































































































































































































































































































































































































































































































































































































































































































































































































































































































































































































































































































































































































































































































































































































































































































































































































































































































































































































































































































































































































































































































































































































































































































































































































































































































































































































































































































































































































































































































































































































































































































































































































































































































































































































































































































































































































































































































































































































































































































































































































































































































































































































































































































































































































































































































































































































































































































































































































































































































































































































































































































































































































































































































































































































































































































































































































































































































































































































































































































































































































































































































































































































































































































































































































































































































































































































































































































































































































































